{
  "sheet": "BattleLeve",
  "definitions": [
    {
      "index": 16,
      "type": "repeat",
      "count": 8,
      "definition": {
        "name": "EnemyLevel"
      }
    },
    {
      "index": 24,
      "type": "repeat",
      "count": 8,
      "definition": {
        "name": "BNpcName",
        "converter": {
          "type": "link",
          "target": "BNpcName"
        }
      }
    },
    {
      "index": 32,
      "type": "repeat",
      "count": 8,
      "definition": {
        "name": "ItemsInvolved",
        "converter": {
          "type": "link",
          "target": "EventItem"
        }
      }
    },
    {
      "index": 40,
      "type": "repeat",
      "count": 8,
      "definition": {
        "name": "ItemsInvolvedQty"
      }
    },
    {
      "index": 48,
      "type": "repeat",
      "count": 8,
      "definition": {
        "name": "ItemDropRate"
      }
    }
  ]
}