{
  "sheet": "Buddy",
  "definitions": [
    {
      "index": 1,
      "name": "QuestRequirement{2}",
      "converter": {
        "type": "link",
        "target": "Quest"
      }
    },
    {
      "index": 2,
      "name": "QuestRequirement{1}",
      "converter": {
        "type": "link",
        "target": "Quest"
      }
    },
    {
      "index": 4,
      "name": "SoundEffect{4}"
    },
    {
      "index": 5,
      "name": "SoundEffect{3}"
    },
    {
      "index": 6,
      "name": "SoundEffect{2}"
    },
    {
      "index": 7,
      "name": "SoundEffect{1}"
    }
  ]
}