{
  "sheet": "EventItem",
  "defaultColumn": "Singular",
  "definitions": [
    {
      "name": "Singular"
    },
    {
      "index": 1,
      "name": "Adjective"
    },
    {
      "index": 2,
      "name": "Plural"
    },
    {
      "index": 3,
      "name": "PossessivePronoun"
    },
    {
      "index": 4,
      "name": "StartsWithVowel"
    },
    {
      "index": 6,
      "name": "Pronoun"
    },
    {
      "index": 7,
      "name": "Article"
    },
    {
      "index": 9,
      "name": "Name"
    },
    {
      "index": 10,
      "name": "Icon",
      "converter": {
        "type": "icon"
      }
    },
    {
      "index": 11,
      "name": "Action",
      "converter": {
        "type": "link",
        "target": "Action"
      }
    },
    {
      "index": 12,
      "name": "StackSize"
    },
    {
      "index": 14,
      "name": "Quest",
      "converter": {
        "type": "link",
        "target": "Quest"
      }
    },
    {
      "index": 15,
      "name": "CastTime"
    }
  ]
}