{
  "sheet": "Fate",
  "defaultColumn": "Name",
  "definitions": [
    {
      "name": "EurekaFate"
    },
    {
      "index": 2,
      "name": "Location"
    },
    {
      "index": 3,
      "name": "ClassJobLevel"
    },
    {
      "index": 4,
      "name": "ClassJobLevel{Max}"
    },
    {
      "index": 5,
      "name": "EventItem",
      "converter": {
        "type": "link",
        "target": "EventItem"
      }
    },
    {
      "index": 9,
      "name": "Icon{Objective}",
      "converter": {
        "type": "icon"
      }
    },
    {
      "index": 10,
      "name": "Icon{Map}",
      "converter": {
        "type": "icon"
      }
    },
    {
      "index": 12,
      "name": "Music",
      "converter": {
        "type": "link",
        "target": "BGM"
      }
    },
    {
      "index": 17,
      "name": "HasWorldMapIcon"
    },
    {
      "index": 25,
      "name": "Name"
    },
    {
      "index": 26,
      "name": "Description"
    },
    {
      "index": 27,
      "name": "Objective"
    },
    {
      "index": 28,
      "type": "repeat",
      "count": 3,
      "definition": {
        "name": "StatusText"
      }
    },
    {
      "index": 31,
      "name": "ArrayIndex",
      "converter": {
        "type": "link",
        "target": "ArrayEventHandler"
      }
    }
  ]
}