{
  "sheet": "GatheringPoint",
  "definitions": [
    {
      "index": 1,
      "name": "GatheringPointBase",
      "converter": {
        "type": "link",
        "target": "GatheringPointBase"
      }
    },
    {
      "index": 3,
      "type": "repeat",
      "count": 2,
      "definition": {
        "name": "GatheringPointBonus",
        "converter": {
          "type": "link",
          "target": "GatheringPointBonus"
        }
      }
    },
    {
      "index": 5,
      "name": "TerritoryType",
      "converter": {
        "type": "link",
        "target": "TerritoryType"
      }
    },
    {
      "index": 6,
      "name": "PlaceName",
      "converter": {
        "type": "link",
        "target": "PlaceName"
      }
    },
    {
      "index": 7,
      "name": "GatheringSubCategory",
      "converter": {
        "type": "link",
        "target": "GatheringSubCategory"
      }
    }
  ]
}